"VC_Website","VC_Count","Portfolio_Company","Company_Website","Github (2)","GitHub Path","Find User Details","Twitter Username","Followers - Data","Following - Data","Public Repos - Data","Repos Url - Data","Starred Url - Data","Repository Links","Write to Other Table"
"a16z.com; greylock.com; paradigm.xyz; polychain.capital; usv.com",5,"Coinbase","coinbase.com","https://github.com/coinbase","coinbase","Coinbase",,1685,0,163,"https://api.github.com/users/coinbase/repos","https://api.github.com/users/coinbase/starred{/owner}{/repo}","https://github.com/coinbase/x402, https://github.com/coinbase/cb-mpc, https://github.com/coinbase...","Created 30 records in table ""Write from: vc_portfolio_deduplicated"""
"coinbase.com; dragonfly.xyz; haun.co; multicoin.capital; variant.fund",5,"Aptos (APT)","aptoslabs.com","https://github.com/aptos-labs","aptos-labs","Aptos Labs","AptosLabs",5780,0,152,"https://api.github.com/users/aptos-labs/repos","https://api.github.com/users/aptos-labs/starred{/owner}{/repo}","Response","Created 0 records in table ""Write from: vc_portfolio_deduplicated"""
"haun.co; multicoin.capital; paradigm.xyz; usv.com; variant.fund",5,"Farcaster","farcaster.xyz","https://github.com/farcasterxyz","farcasterxyz","Farcaster","farcaster_xyz",3100,0,21,"https://api.github.com/users/farcasterxyz/repos","https://api.github.com/users/farcasterxyz/starred{/owner}{/repo}","https://github.com/farcasterxyz/snapchain, https://github.com/farcasterxyz/hub-monorepo, https://...","Created 21 records in table ""Write from: vc_portfolio_deduplicated"""
"coinbase.com; dragonfly.xyz; panteracapital.com",3,"NEAR Protocol","near.org","https://github.com/near","near","NEAR","nearprotocol",2258,0,258,"https://api.github.com/users/near/repos","https://api.github.com/users/near/starred{/owner}{/repo}","Response","Created 0 records in table ""Write from: vc_portfolio_deduplicated"""
"coinbase.com; dragonfly.xyz; paradigm.xyz",3,"Lido","lido.fi","https://github.com/lidofinance","lidofinance","Lido","lidofinance",736,0,235,"https://api.github.com/users/lidofinance/repos","https://api.github.com/users/lidofinance/starred{/owner}{/repo}","https://github.com/lidofinance/diffyscan, https://github.com/lidofinance/audits, https://github.c...","Created 21 records in table ""Write from: vc_portfolio_deduplicated"""
"coinbase.com; dragonfly.xyz; usv.com",3,"Polygon","polygon.technology","https://github.com/0xpolygon","0xpolygon","Polygon","0xPolygon",638,0,96,"https://api.github.com/users/0xPolygon/repos","https://api.github.com/users/0xPolygon/starred{/owner}{/repo}","Response","Created 0 records in table ""Write from: vc_portfolio_deduplicated"""
"coinbase.com; foundersfund.com; panteracapital.com",3,"Ondo Finance","ondo.finance","https://github.com/ondoprotocol","ondoprotocol","Ondo Finance","ondofinance",211,0,12,"https://api.github.com/users/ondoprotocol/repos","https://api.github.com/users/ondoprotocol/starred{/owner}{/repo}","https://github.com/ondoprotocol/DefiLlama-Adapters, https://github.com/ondoprotocol/peggedassets-...","Created 12 records in table ""Write from: vc_portfolio_deduplicated"""
"coinbase.com; panteracapital.com; variant.fund",3,"Morpho","morpho.org","https://github.com/morpho-org","morpho-org","morpho-org","MorphoLabs",236,0,88,"https://api.github.com/users/morpho-org/repos","https://api.github.com/users/morpho-org/starred{/owner}{/repo}","https://github.com/morpho-org/morpho-blue, https://github.com/morpho-org/metamorpho-v1.1, https:/...","Created 30 records in table ""Write from: vc_portfolio_deduplicated"""
"dragonfly.xyz; haun.co; paradigm.xyz",3,"Conduit","conduit.xyz","https://github.com/conduitxyz","conduitxyz","Conduit","conduitxyz",179,0,38,"https://api.github.com/users/conduitxyz/repos","https://api.github.com/users/conduitxyz/starred{/owner}{/repo}","https://github.com/conduitxyz/safer, https://github.com/conduitxyz/external-dns, https://github.c...","Created 30 records in table ""Write from: vc_portfolio_deduplicated"""
"dragonfly.xyz; panteracapital.com; paradigm.xyz",3,"Amber","ambergroup.io","https://github.com/ambergroup-io","ambergroup-io","ambergroup-io",,0,0,7,"https://api.github.com/users/ambergroup-io/repos","https://api.github.com/users/ambergroup-io/starred{/owner}{/repo}","https://github.com/ambergroup-io/ambergroup-io, https://github.com/ambergroup-io/capsule, https:/...","Created 7 records in table ""Write from: vc_portfolio_deduplicated"""
"haun.co; paradigm.xyz; variant.fund",3,"Zora","zora.co","https://github.com/ourzora","ourzora","Zora",,485,0,99,"https://api.github.com/users/ourzora/repos","https://api.github.com/users/ourzora/starred{/owner}{/repo}","https://github.com/ourzora/zora-protocol, https://github.com/ourzora/zora-721-contracts, https://...","Created 12 records in table ""Write from: vc_portfolio_deduplicated"""
"haun.co; polychain.capital; variant.fund",3,"Aleo","aleo.org","https://github.com/AleoNet","AleoNet","Aleo Network Foundation","aleohq",375,0,12,"https://api.github.com/users/AleoNet/repos","https://api.github.com/users/AleoNet/starred{/owner}{/repo}","https://github.com/AleoNet/snarkos-docker, https://github.com/AleoNet/welcome, https://github.com...","Created 12 records in table ""Write from: vc_portfolio_deduplicated"""
"coinbase.com; dragonfly.xyz",2,"Axelar (AXL)","axelar.network","https://github.com/axelarnetwork","axelarnetwork","Axelar Network","axelarnetwork",371,0,92,"https://api.github.com/users/axelarnetwork/repos","https://api.github.com/users/axelarnetwork/starred{/owner}{/repo}","https://github.com/axelarnetwork/2-way-communication-smart-contract-with-solidity-and-axelar, htt...","Created 17 records in table ""Write from: vc_portfolio_deduplicated"""
"coinbase.com; dragonfly.xyz",2,"ZKsync (ZK)","zksync.io","https://github.com/zksync","zksync","ZKsync",,478,0,1,"https://api.github.com/users/zksync/repos","https://api.github.com/users/zksync/starred{/owner}{/repo}","Response","Created 0 records in table ""Write from: vc_portfolio_deduplicated"""
"coinbase.com; multicoin.capital",2,"FTX","ftx.com","https://github.com/Crypto-trading-bot-FTX","Crypto-trading-bot-FTX","Crypto-trading-bot-FTX",,0,0,2,"https://api.github.com/users/Crypto-trading-bot-FTX/repos","https://api.github.com/users/Crypto-trading-bot-FTX/starred{/owner}{/repo}","https://github.com/Crypto-trading-bot-FTX/.github, https://github.com/Crypto-trading-bot-FTX/Cryp...","Created 2 records in table ""Write from: vc_portfolio_deduplicated"""
"coinbase.com; multicoin.capital",2,"The Graph","thegraph.com","https://github.com/graphprotocol","graphprotocol","The Graph","graphprotocol",952,0,140,"https://api.github.com/users/graphprotocol/repos","https://api.github.com/users/graphprotocol/starred{/owner}{/repo}","https://github.com/graphprotocol/0x-subgraph, https://github.com/graphprotocol/allocation-optimiz...","Created 9 records in table ""Write from: vc_portfolio_deduplicated"""
"coinbase.com; panteracapital.com",2,"Instadapp","instadapp.io","https://github.com/instadapp","instadapp","Instadapp","instadapp",214,0,58,"https://api.github.com/users/Instadapp/repos","https://api.github.com/users/Instadapp/starred{/owner}{/repo}","https://github.com/Instadapp/assets, https://github.com/Instadapp/fluid-token-info, https://githu...","Created 30 records in table ""Write from: vc_portfolio_deduplicated"""
"coinbase.com; panteracapital.com",2,"Uptopia","uptopia.xyz",,,,,,,,,,,
"coinbase.com; paradigm.xyz",2,"Compound","compound.finance","https://github.com/compound-finance","compound-finance","Compound",,352,0,77,"https://api.github.com/users/compound-finance/repos","https://api.github.com/users/compound-finance/starred{/owner}{/repo}","https://github.com/compound-finance/autonomous-proposals, https://github.com/compound-finance/cip...","Created 14 records in table ""Write from: vc_portfolio_deduplicated"""
"dragonfly.xyz; foundersfund.com",2,"Crusoe Energy Systems","crusoe.ai","https://github.com/crusoecloud","crusoecloud","Crusoe",,52,0,25,"https://api.github.com/users/crusoecloud/repos","https://api.github.com/users/crusoecloud/starred{/owner}{/repo}","https://github.com/crusoecloud/client-go, https://github.com/crusoecloud/k8s-autoscaler, https://...","Created 25 records in table ""Write from: vc_portfolio_deduplicated"""
"dragonfly.xyz; foundersfund.com",2,"Polymarket","polymarket.com","https://github.com/polymarket","polymarket","Polymarket","Polymarket",421,0,72,"https://api.github.com/users/Polymarket/repos","https://api.github.com/users/Polymarket/starred{/owner}{/repo}","https://github.com/Polymarket/clob-client, https://github.com/Polymarket/real-time-data-client, h...","Created 30 records in table ""Write from: vc_portfolio_deduplicated"""
"dragonfly.xyz; haun.co",2,"Agora","agora.io","https://github.com/agoraio","agoraio","Agora.io","AgoraIO",409,0,82,"https://api.github.com/users/AgoraIO/repos","https://api.github.com/users/AgoraIO/starred{/owner}{/repo}","https://github.com/AgoraIO/Docs-Source, https://github.com/AgoraIO/agora_doc_source, https://gith...","Created 30 records in table ""Write from: vc_portfolio_deduplicated"""
"dragonfly.xyz; panteracapital.com",2,"1inch (1INCH)","1inch.io","https://github.com/1inch","1inch","1inch","1inch",830,0,177,"https://api.github.com/users/1inch/repos","https://api.github.com/users/1inch/starred{/owner}{/repo}","https://github.com/1inch/1inch-token, https://github.com/1inch/token-hooks, https://github.com/1i...","Created 16 records in table ""Write from: vc_portfolio_deduplicated"""
"dragonfly.xyz; panteracapital.com",2,"Ethena","ethena.fi","https://github.com/ethena-labs","ethena-labs","ethena-labs",,311,0,11,"https://api.github.com/users/ethena-labs/repos","https://api.github.com/users/ethena-labs/starred{/owner}{/repo}","https://github.com/ethena-labs/ethena_sats_adapters, https://github.com/ethena-labs/hyperliquid-m...","Created 11 records in table ""Write from: vc_portfolio_deduplicated"""
"dragonfly.xyz; paradigm.xyz",2,"dYdX","dydx.exchange","https://github.com/dydxprotocol","dydxprotocol","dydxprotocol","dydx",794,0,60,"https://api.github.com/users/dydxprotocol/repos","https://api.github.com/users/dydxprotocol/starred{/owner}{/repo}","https://github.com/dydxprotocol/liquidator, https://github.com/dydxprotocol/solo, https://github....","Created 15 records in table ""Write from: vc_portfolio_deduplicated"""
"dragonfly.xyz; paradigm.xyz",2,"Monad","monad.xyz","https://github.com/monad-crypto","monad-crypto","monad","monad_xyz",142,0,0,"https://api.github.com/users/monad-crypto/repos","https://api.github.com/users/monad-crypto/starred{/owner}{/repo}","Response","Created 0 records in table ""Write from: vc_portfolio_deduplicated"""
"dragonfly.xyz; paradigm.xyz",2,"Ribbon Finance","ribbon.finance","https://github.com/ribbon-finance","ribbon-finance","Ribbon Finance",,116,0,28,"https://api.github.com/users/ribbon-finance/repos","https://api.github.com/users/ribbon-finance/starred{/owner}{/repo}","https://github.com/ribbon-finance/ribbon-frontend, https://github.com/ribbon-finance/aevo-audit, ...","Created 28 records in table ""Write from: vc_portfolio_deduplicated"""
"dragonfly.xyz; polychain.capital",2,"Ava Labs","avalabs.org","https://github.com/ava-labs","ava-labs","Ava Labs",,1100,0,142,"https://api.github.com/users/ava-labs/repos","https://api.github.com/users/ava-labs/starred{/owner}{/repo}","https://github.com/ava-labs/avalanchego, https://github.com/ava-labs/avalanche-faucet, https://gi...","Created 22 records in table ""Write from: vc_portfolio_deduplicated"""
"foundersfund.com; haun.co",2,"Helius","helius.dev","https://github.com/helius-labs","helius-labs","Helius","heliuslabs",228,0,64,"https://api.github.com/users/helius-labs/repos","https://api.github.com/users/helius-labs/starred{/owner}{/repo}","https://github.com/helius-labs/agave, https://github.com/helius-labs/solana-awesome, https://gith...","Created 30 records in table ""Write from: vc_portfolio_deduplicated"""
"variant.fund; paradigm.xyz",2,"Uniswap","uniswap.org","https://github.com/uniswap","uniswap","Uniswap Labs","Uniswap",5970,0,143,"https://api.github.com/users/Uniswap/repos","https://api.github.com/users/Uniswap/starred{/owner}{/repo}","https://github.com/Uniswap/v3-core, https://github.com/Uniswap/v3-periphery, https://github.com/U...","Created 15 records in table ""Write from: vc_portfolio_deduplicated"""
"geometry.xyz",1,"Cubist","cubist.dev","https://github.com/cubist-dev","cubist-dev","Cubist","cubistdev",3,0,3,"https://api.github.com/users/cubist-dev/repos","https://api.github.com/users/cubist-dev/starred{/owner}{/repo}","Response","Created 0 records in table ""Write from: vc_portfolio_deduplicated"""
"geometry.xyz",1,"MatchboxDAO","matchboxdao.com","https://github.com/Matchbox-DAO","Matchbox-DAO","Matchbox DAO","matchbox_dao",19,0,7,"https://api.github.com/users/Matchbox-DAO/repos","https://api.github.com/users/Matchbox-DAO/starred{/owner}{/repo}","https://github.com/Matchbox-DAO/0xTitans-Public, https://github.com/Matchbox-DAO/fountain, https:...","Created 7 records in table ""Write from: vc_portfolio_deduplicated"""
"geometry.xyz",1,"RISC Zero","risczero.com","https://github.com/risc0","risc0","RISC Zero","risczero",818,0,66,"https://api.github.com/users/risc0/repos","https://api.github.com/users/risc0/starred{/owner}{/repo}","Response","Created 0 records in table ""Write from: vc_portfolio_deduplicated"""
"geometry.xyz",1,"Taproot Wizards","taprootwizards.com","https://github.com/taproot-wizards","taproot-wizards","Taproot Wizards","TaprootWizards",40,0,6,"https://api.github.com/users/taproot-wizards/repos","https://api.github.com/users/taproot-wizards/starred{/owner}{/repo}","https://github.com/taproot-wizards/bitcoin-script-hints.nvim, https://github.com/taproot-wizards/...","Created 6 records in table ""Write from: vc_portfolio_deduplicated"""
"geometry.xyz",1,"ZeroSync","zerosync.org","https://github.com/zerosync","zerosync","ZeroSync","ZeroSync_",88,0,14,"https://api.github.com/users/ZeroSync/repos","https://api.github.com/users/ZeroSync/starred{/owner}{/repo}","https://github.com/ZeroSync/rust-bitcoincore-rpc, https://github.com/ZeroSync/ZeroSync, https://g...","Created 14 records in table ""Write from: vc_portfolio_deduplicated"""
"greylock.com",1,"Abnormal AI","abnormal.ai","https://github.com/abnormal-security","abnormal-security","Abnormal Security",,55,0,6,"https://api.github.com/users/abnormal-security/repos","https://api.github.com/users/abnormal-security/starred{/owner}{/repo}","https://github.com/abnormal-security/content, https://github.com/abnormal-security/content-archiv...","Created 6 records in table ""Write from: vc_portfolio_deduplicated"""
"greylock.com",1,"Adept","adept.ai","https://github.com/AdeptAIPro","AdeptAIPro","AdeptAIPro",,0,0,13,"https://api.github.com/users/AdeptAIPro/repos","https://api.github.com/users/AdeptAIPro/starred{/owner}{/repo}","Response","Created 0 records in table ""Write from: vc_portfolio_deduplicated"""
"greylock.com",1,"Cato Networks","catonetworks.com","https://github.com/ba-cato","ba-cato","BA",,6,3,4,"https://api.github.com/users/ba-cato/repos","https://api.github.com/users/ba-cato/starred{/owner}{/repo}","https://github.com/ba-cato/cato-cli, https://github.com/ba-cato/terraform-provider-cato-oss, http...","Created 7 records in table ""Write from: vc_portfolio_deduplicated"""
"greylock.com",1,"Dazz","dazz.io","https://github.com/areionsec","areionsec","Dazz Inc.",,15,0,7,"https://api.github.com/users/areionsec/repos","https://api.github.com/users/areionsec/starred{/owner}{/repo}","Response","Created 0 records in table ""Write from: vc_portfolio_deduplicated"""
"greylock.com",1,"Delphix","delphix.com","https://github.com/delphix","delphix","Delphix",,62,0,98,"https://api.github.com/users/delphix/repos","https://api.github.com/users/delphix/starred{/owner}{/repo}","https://github.com/delphix/sdb, https://github.com/delphix/delphix-os, https://github.com/delphix...","Created 19 records in table ""Write from: vc_portfolio_deduplicated"""
"greylock.com",1,"Demisto","demisto.com","https://github.com/demisto","demisto","Demisto",,216,0,54,"https://api.github.com/users/demisto/repos","https://api.github.com/users/demisto/starred{/owner}{/repo}","https://github.com/demisto/content, https://github.com/demisto/COPS, https://github.com/demisto/d...","Created 12 records in table ""Write from: vc_portfolio_deduplicated"""
"greylock.com",1,"Mandolin","mandolin.com","https://github.com/mandolin-dev","mandolin-dev","Mandolin","mandolinlive",2,0,9,"https://api.github.com/users/mandolin-dev/repos","https://api.github.com/users/mandolin-dev/starred{/owner}{/repo}","https://github.com/mandolin-dev/terraform-newrelic-apm, https://github.com/mandolin-dev/tsoa, htt...","Created 9 records in table ""Write from: vc_portfolio_deduplicated"""
"greylock.com",1,"Okta","okta.com","https://github.com/okta","okta","Okta, Inc",,569,0,84,"https://api.github.com/users/okta/repos","https://api.github.com/users/okta/starred{/owner}{/repo}","https://github.com/okta/okta-developer-docs, https://github.com/okta/okta-signin-widget, https://...","Created 30 records in table ""Write from: vc_portfolio_deduplicated"""
"greylock.com",1,"Palo Alto Networks","paloaltonetworks.com","https://github.com/paloaltonetworks","paloaltonetworks","Palo Alto Networks",,1091,0,476,"https://api.github.com/users/PaloAltoNetworks/repos","https://api.github.com/users/PaloAltoNetworks/starred{/owner}{/repo}","https://github.com/PaloAltoNetworks/.github, https://github.com/PaloAltoNetworks/advanced_deploym...","Created 19 records in table ""Write from: vc_portfolio_deduplicated"""
"greylock.com",1,"Predibase","predibase.com","https://github.com/predibase","predibase","Predibase","predibase",147,0,18,"https://api.github.com/users/predibase/repos","https://api.github.com/users/predibase/starred{/owner}{/repo}","https://github.com/predibase/lorax, https://github.com/predibase/llm_distillation_playbook, https...","Created 11 records in table ""Write from: vc_portfolio_deduplicated"""
"greylock.com",1,"Rockset","rockset.com","https://github.com/rockset","rockset","ROCKSET",,83,0,92,"https://api.github.com/users/rockset/repos","https://api.github.com/users/rockset/starred{/owner}{/repo}","https://github.com/rockset/rocksdb-cloud, https://github.com/rockset/rockset-go-client, https://g...","Created 13 records in table ""Write from: vc_portfolio_deduplicated"""
"greylock.com",1,"Rubrik","rubrik.com","https://github.com/rubrikinc","rubrikinc","Rubrikinc",,119,0,128,"https://api.github.com/users/rubrikinc/repos","https://api.github.com/users/rubrikinc/starred{/owner}{/repo}","https://github.com/rubrikinc/wachy, https://github.com/rubrikinc/kronos, https://github.com/rubri...","Created 15 records in table ""Write from: vc_portfolio_deduplicated"""
"greylock.com",1,"SiTime","sitime.com","https://github.com/alexlyapin","alexlyapin","Alexander Lyapin",,0,0,15,"https://api.github.com/users/alexlyapin/repos","https://api.github.com/users/alexlyapin/starred{/owner}{/repo}","Response","Created 0 records in table ""Write from: vc_portfolio_deduplicated"""
"greylock.com",1,"Xapo","xapo.com","https://github.com/xapo","xapo","Xapo","xapoprivatebank",14,0,0,"https://api.github.com/users/xapo/repos","https://api.github.com/users/xapo/starred{/owner}{/repo}","Response","Created 0 records in table ""Write from: vc_portfolio_deduplicated"""
"greylock.com",1,"Zuora","zuora.com","https://github.com/zuora","zuora","Zuora","zuora",10,0,20,"https://api.github.com/users/zuora/repos","https://api.github.com/users/zuora/starred{/owner}{/repo}","https://github.com/zuora/togai-mintlify-docs, https://github.com/zuora/payment-hpf-sample, https:...","Created 20 records in table ""Write from: vc_portfolio_deduplicated"""
"haun.co",1,"Autograph","autograph.io","https://github.com/Autograph-Core","Autograph-Core","Autograph","autograph",7,0,1,"https://api.github.com/users/Autograph-Core/repos","https://api.github.com/users/Autograph-Core/starred{/owner}{/repo}","https://github.com/Autograph-Core/aws-sm-buildkite-plugin","Created 1 records in table ""Write from: vc_portfolio_deduplicated"""
"haun.co",1,"BVNK","bvnk.com","https://github.com/BVNK","BVNK","BVNK","BVNKFinance",7,0,14,"https://api.github.com/users/bvnk/repos","https://api.github.com/users/bvnk/starred{/owner}{/repo}","https://github.com/bvnk/c-sharp-sdk, https://github.com/bvnk/ruby-sdk, https://github.com/bvnk/ja...","Created 14 records in table ""Write from: vc_portfolio_deduplicated"""
"haun.co",1,"Chaos Labs","chaoslabs.xyz","https://github.com/ChaosLabsInc","ChaosLabsInc","Chaos Labs","oagoldberg",71,0,39,"https://api.github.com/users/ChaosLabsInc/repos","https://api.github.com/users/ChaosLabsInc/starred{/owner}{/repo}","https://github.com/ChaosLabsInc/edge-push-oracle, https://github.com/ChaosLabsInc/bullmq, https:/...","Created 30 records in table ""Write from: vc_portfolio_deduplicated"""
"haun.co",1,"Commonware","commonware.xyz","https://github.com/commonwarexyz","commonwarexyz","commonware","commonwarexyz",69,0,3,"https://api.github.com/users/commonwarexyz/repos","https://api.github.com/users/commonwarexyz/starred{/owner}{/repo}","https://github.com/commonwarexyz/alto, https://github.com/commonwarexyz/benchmarks, https://githu...","Created 3 records in table ""Write from: vc_portfolio_deduplicated"""
"haun.co",1,"Guardrail","guardrail.ai","https://github.com/guardrails-ai","guardrails-ai","Guardrails AI",,122,0,88,"https://api.github.com/users/guardrails-ai/repos","https://api.github.com/users/guardrails-ai/starred{/owner}{/repo}","https://github.com/guardrails-ai/ban_list, https://github.com/guardrails-ai/competitor_check, htt...","Created 14 records in table ""Write from: vc_portfolio_deduplicated"""
"haun.co",1,"Highlight","highlight.xyz","https://github.com/highlightxyz","highlightxyz","Highlight","Highlight_xyz",28,0,6,"https://api.github.com/users/highlightxyz/repos","https://api.github.com/users/highlightxyz/starred{/owner}{/repo}","https://github.com/highlightxyz/generative-art, https://github.com/highlightxyz/hl-evm-contracts,...","Created 6 records in table ""Write from: vc_portfolio_deduplicated"""
"haun.co",1,"Neynar","neynar.com","https://github.com/neynarxyz","neynarxyz","Neynar","neynarxyz",118,0,21,"https://api.github.com/users/neynarxyz/repos","https://api.github.com/users/neynarxyz/starred{/owner}{/repo}","https://github.com/neynarxyz/create-farcaster-mini-app, https://github.com/neynarxyz/farcaster-ex...","Created 10 records in table ""Write from: vc_portfolio_deduplicated"""
"haun.co",1,"Plume","plume.network","https://github.com/plumenetwork","plumenetwork","plumenetwork","plumenetwork",84,0,42,"https://api.github.com/users/plumenetwork/repos","https://api.github.com/users/plumenetwork/starred{/owner}{/repo}","https://github.com/plumenetwork/contracts, https://github.com/plumenetwork/defillama-server, http...","Created 30 records in table ""Write from: vc_portfolio_deduplicated"""
"haun.co",1,"Sovereign Labs","sovereignlabs.xyz","https://github.com/Sovereign-Labs","Sovereign-Labs","Sovereign","sovereign_labs",139,0,26,"https://api.github.com/users/Sovereign-Labs/repos","https://api.github.com/users/Sovereign-Labs/starred{/owner}{/repo}","https://github.com/Sovereign-Labs/curve25519-dalek, https://github.com/Sovereign-Labs/docs-draft,...","Created 17 records in table ""Write from: vc_portfolio_deduplicated"""
"haun.co",1,"thirdweb","thirdweb.com","https://github.com/thirdweb-dev","thirdweb-dev","thirdweb","thirdweb",1843,0,97,"https://api.github.com/users/thirdweb-dev/repos","https://api.github.com/users/thirdweb-dev/starred{/owner}{/repo}","https://github.com/thirdweb-dev/js, https://github.com/thirdweb-dev/engine-core, https://github.c...","Created 30 records in table ""Write from: vc_portfolio_deduplicated"""
"haun.co",1,"Witness","witness.co","https://github.com/WitnessCo","WitnessCo","Witness",,23,0,12,"https://api.github.com/users/WitnessCo/repos","https://api.github.com/users/WitnessCo/starred{/owner}{/repo}","https://github.com/WitnessCo/x402, https://github.com/WitnessCo/x402-rs, https://github.com/Witne...","Created 12 records in table ""Write from: vc_portfolio_deduplicated"""
"multicoin.capital",1,"BAXUS","baxus.co","https://github.com/BAXUSNFT","BAXUSNFT","BAXUS","BAXUSCo",11,0,14,"https://api.github.com/users/BAXUSNFT/repos","https://api.github.com/users/BAXUSNFT/starred{/owner}{/repo}","Response","Created 0 records in table ""Write from: vc_portfolio_deduplicated"""
"multicoin.capital",1,"Glif","glif.io","https://github.com/glifio","glifio","Glif",,48,0,72,"https://api.github.com/users/glifio/repos","https://api.github.com/users/glifio/starred{/owner}{/repo}","https://github.com/glifio/go-pools, https://github.com/glifio/filecoin-docker, https://github.com...","Created 11 records in table ""Write from: vc_portfolio_deduplicated"""
"multicoin.capital",1,"Hivemapper","hivemapper.com","https://github.com/hivemapper","hivemapper","Hivemapper","hivemapper",88,0,46,"https://api.github.com/users/Hivemapper/repos","https://api.github.com/users/Hivemapper/starred{/owner}{/repo}","https://github.com/Hivemapper/hive-py, https://github.com/Hivemapper/odc-api, https://github.com/...","Created 30 records in table ""Write from: vc_portfolio_deduplicated"""
"multicoin.capital",1,"LayerZero Labs","layerzero.network","https://github.com/layerzero-Labs","layerzero-Labs","LayerZero-Labs",,2494,0,23,"https://api.github.com/users/LayerZero-Labs/repos","https://api.github.com/users/LayerZero-Labs/starred{/owner}{/repo}","https://github.com/LayerZero-Labs/.github, https://github.com/LayerZero-Labs/devtools, https://gi...","Created 12 records in table ""Write from: vc_portfolio_deduplicated"""
"multicoin.capital",1,"Spring Labs","springlabs.com","https://github.com/springlabs","springlabs","Spring Labs",,2,0,8,"https://api.github.com/users/springlabs/repos","https://api.github.com/users/springlabs/starred{/owner}{/repo}","Response","Created 0 records in table ""Write from: vc_portfolio_deduplicated"""
"multicoin.capital",1,"Yield.xyz","yield.xyz","https://github.com/stakekit","stakekit","Yield.xyz",,15,0,25,"https://api.github.com/users/stakekit/repos","https://api.github.com/users/stakekit/starred{/owner}{/repo}","https://github.com/stakekit/js-sdk, https://github.com/stakekit/dapp, https://github.com/stakekit...","Created 8 records in table ""Write from: vc_portfolio_deduplicated"""
"panteracapital.com",1,"Aave","aave.com","https://github.com/aave","aave","Aave Labs",,2060,0,84,"https://api.github.com/users/aave/repos","https://api.github.com/users/aave/starred{/owner}{/repo}","Response","Created 0 records in table ""Write from: vc_portfolio_deduplicated"""
"panteracapital.com",1,"Alchemy","alchemy.com","https://github.com/alchemyplatform","alchemyplatform","Alchemy","AlchemyPlatform",966,0,143,"https://api.github.com/users/alchemyplatform/repos","https://api.github.com/users/alchemyplatform/starred{/owner}{/repo}","https://github.com/alchemyplatform/.github, https://github.com/alchemyplatform/aa-rn-demo, https:...","Created 10 records in table ""Write from: vc_portfolio_deduplicated"""
"panteracapital.com",1,"Amp","amp.tech","https://github.com/jungvonmatt","jungvonmatt","Jung von Matt TECH",,16,0,15,"https://api.github.com/users/jungvonmatt/repos","https://api.github.com/users/jungvonmatt/starred{/owner}{/repo}","https://github.com/jungvonmatt/contentful-migrations, https://github.com/jungvonmatt/contentful-s...","Created 11 records in table ""Write from: vc_portfolio_deduplicated"""
"panteracapital.com",1,"Ampleforth","ampleforth.org","https://github.com/ampleforth","ampleforth","Ampleforth",,79,0,28,"https://api.github.com/users/ampleforth/repos","https://api.github.com/users/ampleforth/starred{/owner}{/repo}","Response","Created 0 records in table ""Write from: vc_portfolio_deduplicated"""
"panteracapital.com",1,"Ankr","ankr.com","https://github.com/ankr-network","ankr-network","Ankr",,276,0,106,"https://api.github.com/users/Ankr-network/repos","https://api.github.com/users/Ankr-network/starred{/owner}{/repo}","https://github.com/Ankr-network/ankr-docs, https://github.com/Ankr-network/ankr.js, https://githu...","Created 30 records in table ""Write from: vc_portfolio_deduplicated"""
"panteracapital.com",1,"API3","api3.org","https://github.com/api3dao","api3dao","Api3","api3dao",238,0,62,"https://api.github.com/users/api3dao/repos","https://api.github.com/users/api3dao/starred{/owner}{/repo}","https://github.com/api3dao/contracts, https://github.com/api3dao/commons, https://github.com/api3...","Created 30 records in table ""Write from: vc_portfolio_deduplicated"""
"panteracapital.com",1,"Arbitrum","arbitrum.io","https://github.com/offchainlabs","offchainlabs","Offchain Labs",,1276,0,132,"https://api.github.com/users/OffchainLabs/repos","https://api.github.com/users/OffchainLabs/starred{/owner}{/repo}","https://github.com/OffchainLabs/nitro, https://github.com/OffchainLabs/prysm, https://github.com/...","Created 12 records in table ""Write from: vc_portfolio_deduplicated"""
"panteracapital.com",1,"Avantis","avantis.fi","https://github.com/Avantis-Labs","Avantis-Labs","Avantis","avantisfi",8,0,7,"https://api.github.com/users/Avantis-Labs/repos","https://api.github.com/users/Avantis-Labs/starred{/owner}{/repo}","https://github.com/Avantis-Labs/avantis_trader_sdk_docs, https://github.com/Avantis-Labs/avantis_...","Created 7 records in table ""Write from: vc_portfolio_deduplicated"""
"panteracapital.com",1,"B3 Fun","b3.fun","https://github.com/b3-fun","b3-fun","B3",,7,0,15,"https://api.github.com/users/b3-fun/repos","https://api.github.com/users/b3-fun/starred{/owner}{/repo}","https://github.com/b3-fun/b3-points.sdk, https://github.com/trustwallet/assets, https://github.co...","Created 9 records in table ""Write from: vc_portfolio_deduplicated"""
"panteracapital.com",1,"Bakkt","bakkt.com","https://github.com/chrismoran-bkt","chrismoran-bkt","Chris",,1,0,31,"https://api.github.com/users/chrismoran-bkt/repos","https://api.github.com/users/chrismoran-bkt/starred{/owner}{/repo}","https://github.com/chrismoran-bkt/mina-sshd, https://github.com/chrismoran-bkt/cfr, https://githu...","Created 17 records in table ""Write from: vc_portfolio_deduplicated"""
"panteracapital.com",1,"Balancer","balancer.fi","https://github.com/balancer","balancer","Balancer",,439,0,77,"https://api.github.com/users/balancer/repos","https://api.github.com/users/balancer/starred{/owner}{/repo}","Response","Created 0 records in table ""Write from: vc_portfolio_deduplicated"""
"panteracapital.com",1,"BitDAO","bitdao.io","https://github.com/bitdao-io","bitdao-io","bitdao-io",,71,0,17,"https://api.github.com/users/bitdao-io/repos","https://api.github.com/users/bitdao-io/starred{/owner}{/repo}","https://github.com/bitdao-io/bitos, https://github.com/bitdao-io/interchain-security, https://git...","Created 11 records in table ""Write from: vc_portfolio_deduplicated"""
"panteracapital.com",1,"Bitmine Immersion Technologies","bitmine.com","https://github.com/bitmine-ch","bitmine-ch","bitmine-ch",,7,0,2,"https://api.github.com/users/bitmine-ch/repos","https://api.github.com/users/bitmine-ch/starred{/owner}{/repo}","https://github.com/bitmine-ch/bitmine, https://github.com/bitmine-ch/cgminer","Created 2 records in table ""Write from: vc_portfolio_deduplicated"""
"panteracapital.com",1,"Injective","injective.com","https://github.com/injectivelabs","injectivelabs","Injective","InjectiveLabs",943,0,157,"https://api.github.com/users/InjectiveLabs/repos","https://api.github.com/users/InjectiveLabs/starred{/owner}{/repo}","https://github.com/InjectiveLabs/0x-exchange-omnibus, https://github.com/InjectiveLabs/account-ab...","Created 17 records in table ""Write from: vc_portfolio_deduplicated"""
"panteracapital.com",1,"Oasis Network","oasisprotocol.org","https://github.com/oasisprotocol","oasisprotocol","Oasis Protocol Foundation",,331,0,81,"https://api.github.com/users/oasisprotocol/repos","https://api.github.com/users/oasisprotocol/starred{/owner}{/repo}","https://github.com/oasisprotocol/abi-playground, https://github.com/oasisprotocol/bundle-registry...","Created 21 records in table ""Write from: vc_portfolio_deduplicated"""
"panteracapital.com",1,"Polkadot","polkadot.network","https://github.com/Polkadot-Blockchain-Academy","Polkadot-Blockchain-Academy","Polkadot Blockchain Academy","AcademyPolkadot",308,0,26,"https://api.github.com/users/Polkadot-Blockchain-Academy/repos","https://api.github.com/users/Polkadot-Blockchain-Academy/starred{/owner}{/repo}","https://github.com/Polkadot-Blockchain-Academy/.github, https://github.com/Polkadot-Blockchain-Ac...","Created 26 records in table ""Write from: vc_portfolio_deduplicated"""
"panteracapital.com",1,"Ripple","ripple.com","https://github.com/ripple","ripple","Ripple",,463,0,88,"https://api.github.com/users/ripple/repos","https://api.github.com/users/ripple/starred{/owner}{/repo}","https://github.com/ripple/ripple-rest, https://github.com/ripple/rippled-api-spec, https://github...","Created 7 records in table ""Write from: vc_portfolio_deduplicated"""
"panteracapital.com",1,"The Open Platform","ton.org","https://github.com/ton-org","ton-org","TON Developer Tools","ton_blockchain",194,0,11,"https://api.github.com/users/ton-org/repos","https://api.github.com/users/ton-org/starred{/owner}{/repo}","Response","Created 0 records in table ""Write from: vc_portfolio_deduplicated"""
"panteracapital.com",1,"WAX","wax.io","https://github.com/worldwide-asset-exchange","worldwide-asset-exchange","Worldwide Asset eXchange",,105,0,57,"https://api.github.com/users/worldwide-asset-exchange/repos","https://api.github.com/users/worldwide-asset-exchange/starred{/owner}{/repo}","https://github.com/worldwide-asset-exchange/alcor-ui, https://github.com/worldwide-asset-exchange...","Created 19 records in table ""Write from: vc_portfolio_deduplicated"""
"paradigm.xyz",1,"Across","across.to","https://github.com/across-protocol","across-protocol","Across Protocol",,320,0,31,"https://api.github.com/users/across-protocol/repos","https://api.github.com/users/across-protocol/starred{/owner}{/repo}","https://github.com/across-protocol/across-token, https://github.com/across-protocol/across.to, ht...","Created 15 records in table ""Write from: vc_portfolio_deduplicated"""
"paradigm.xyz",1,"AI Arena","aiarena.io","https://github.com/aiarena","aiarena","AI Arena","aiarenanet",38,0,26,"https://api.github.com/users/aiarena/repos","https://api.github.com/users/aiarena/starred{/owner}{/repo}","https://github.com/aiarena/aiarena-web","Created 1 records in table ""Write from: vc_portfolio_deduplicated"""
"paradigm.xyz",1,"Argent","argent.xyz","https://github.com/argentlabs","argentlabs","argentlabs",,626,0,74,"https://api.github.com/users/argentlabs/repos","https://api.github.com/users/argentlabs/starred{/owner}{/repo}","Response","Created 0 records in table ""Write from: vc_portfolio_deduplicated"""
"paradigm.xyz",1,"Axiom","axiom.xyz","https://github.com/axiom-crypto","axiom-crypto","Axiom","axiom_xyz",574,0,77,"https://api.github.com/users/axiom-crypto/repos","https://api.github.com/users/axiom-crypto/starred{/owner}{/repo}","https://github.com/axiom-crypto/halo2-lib, https://github.com/axiom-crypto/halo2-browser, https:/...","Created 11 records in table ""Write from: vc_portfolio_deduplicated"""
"paradigm.xyz",1,"Aztec","aztec.network","https://github.com/AztecProtocol","AztecProtocol","Aztec Network","aztecnetwork",1018,0,74,"https://api.github.com/users/AztecProtocol/repos","https://api.github.com/users/AztecProtocol/starred{/owner}{/repo}","https://github.com/AztecProtocol/.github, https://github.com/AztecProtocol/ab2, https://github.co...","Created 21 records in table ""Write from: vc_portfolio_deduplicated"""
"paradigm.xyz",1,"Babylon","babylonchain.io","https://github.com/babylonchain","babylonchain","BabylonChain Inc.",,589,0,24,"https://api.github.com/users/babylonchain/repos","https://api.github.com/users/babylonchain/starred{/owner}{/repo}","https://github.com/babylonchain/networks, https://github.com/babylonchain/babylon-timestamping-de...","Created 24 records in table ""Write from: vc_portfolio_deduplicated"""
"paradigm.xyz",1,"BetDex","betdex.com","https://github.com/betdex","betdex","Bet Dex",,0,0,1,"https://api.github.com/users/betdex/repos","https://api.github.com/users/betdex/starred{/owner}{/repo}","https://github.com/MonacoProtocol/protocol, https://github.com/MonacoProtocol/protocol-product, h...","Created 4 records in table ""Write from: vc_portfolio_deduplicated"""
"paradigm.xyz",1,"Bitso","bitso.com","https://github.com/bitsoex","bitsoex","Bitso",,81,0,13,"https://api.github.com/users/bitsoex/repos","https://api.github.com/users/bitsoex/starred{/owner}{/repo}","https://github.com/bitsoex/sqlcheck, https://github.com/bitsoex/btcd-cli4j, https://github.com/bi...","Created 13 records in table ""Write from: vc_portfolio_deduplicated"""
"paradigm.xyz",1,"Blast","blast.io","https://github.com/blast-io","blast-io","blast-io",,58,0,3,"https://api.github.com/users/blast-io/repos","https://api.github.com/users/blast-io/starred{/owner}{/repo}","https://github.com/blast-io/go-ethereum, https://github.com/blast-io/deployment, https://github.c...","Created 3 records in table ""Write from: vc_portfolio_deduplicated"""
"paradigm.xyz",1,"Blowfish","blowfish.xyz","https://github.com/blowfishxyz","blowfishxyz","Blowfish","blowfishxyz",21,0,25,"https://api.github.com/users/blowfishxyz/repos","https://api.github.com/users/blowfishxyz/starred{/owner}{/repo}","https://github.com/blowfishxyz/blocklist, https://github.com/solana-labs/solana-program-library, ...","Created 13 records in table ""Write from: vc_portfolio_deduplicated"""
"paradigm.xyz",1,"Blur","blur.io","https://github.com/blur-io","blur-io","blur-io",,4,0,1,"https://api.github.com/users/blur-io/repos","https://api.github.com/users/blur-io/starred{/owner}{/repo}","https://github.com/blur-io/operator-filter-registry","Created 1 records in table ""Write from: vc_portfolio_deduplicated"""
"paradigm.xyz",1,"Code4rena","code4rena.com","https://github.com/code-423n4","code-423n4","Code4rena","code4rena",1166,0,841,"https://api.github.com/users/code-423n4/repos","https://api.github.com/users/code-423n4/starred{/owner}{/repo}","https://github.com/code-423n4/code423n4.com, https://github.com/code-423n4/2025-05-blackhole, htt...","Created 19 records in table ""Write from: vc_portfolio_deduplicated"""
"paradigm.xyz",1,"CoinSwitch","coinswitch.co","https://github.com/mitulmanish","mitulmanish","mitul_manish","mitul_manish23",51,99,70,"https://api.github.com/users/mitulmanish/repos","https://api.github.com/users/mitulmanish/starred{/owner}{/repo}","Response","Created 0 records in table ""Write from: vc_portfolio_deduplicated"""
"paradigm.xyz",1,"Dework","dework.xyz","https://github.com/Mozes721","Mozes721","Mozes721",,17,9,48,"https://api.github.com/users/Mozes721/repos","https://api.github.com/users/Mozes721/starred{/owner}{/repo}","Response","Created 0 records in table ""Write from: vc_portfolio_deduplicated"""
"paradigm.xyz",1,"Exponential","exponential.fi","https://github.com/kraikov","kraikov","Krasimir Raykov","raykov_krasimir",30,5,32,"https://api.github.com/users/kraikov/repos","https://api.github.com/users/kraikov/starred{/owner}{/repo}","Response","Created 0 records in table ""Write from: vc_portfolio_deduplicated"""
"paradigm.xyz",1,"friend.tech","friend.tech","https://github.com/alphaticks","alphaticks","alphaticks",,15,0,14,"https://api.github.com/users/alphaticks/repos","https://api.github.com/users/alphaticks/starred{/owner}{/repo}","https://github.com/alphaticks/friend-wrap, https://github.com/alphaticks/go-signlib, https://gith...","Created 12 records in table ""Write from: vc_portfolio_deduplicated"""
"paradigm.xyz",1,"Gauntlet","gauntlet.network","https://github.com/Gauntlet-xyz","Gauntlet-xyz","Gauntlet","gauntlet_xyz",28,0,24,"https://api.github.com/users/Gauntlet-xyz/repos","https://api.github.com/users/Gauntlet-xyz/starred{/owner}{/repo}","https://github.com/Gauntlet-xyz/aave-gauntlet-renewal, https://github.com/Gauntlet-xyz/tam-data, ...","Created 16 records in table ""Write from: vc_portfolio_deduplicated"""
"paradigm.xyz",1,"Gitcoin","gitcoin.co","https://github.com/gitcoinco","gitcoinco","Gitcoin","Gitcoin",2636,0,170,"https://api.github.com/users/gitcoinco/repos","https://api.github.com/users/gitcoinco/starred{/owner}{/repo}","https://github.com/gitcoinco/gitcoinco, https://github.com/gitcoinco/GIPs, https://github.com/git...","Created 10 records in table ""Write from: vc_portfolio_deduplicated"""
"paradigm.xyz",1,"Hang","hang.xyz","https://github.com/yfaqh","yfaqh","Yang Hang",,4,28,33,"https://api.github.com/users/yfaqh/repos","https://api.github.com/users/yfaqh/starred{/owner}{/repo}","Response","Created 0 records in table ""Write from: vc_portfolio_deduplicated"""
"paradigm.xyz",1,"Irreducible","irreducible.finance","https://github.com/IrreducibleOSS","IrreducibleOSS","Irreducible","IrreducibleHW",26,0,10,"https://api.github.com/users/IrreducibleOSS/repos","https://api.github.com/users/IrreducibleOSS/starred{/owner}{/repo}","https://github.com/IrreducibleOSS/binius, https://github.com/IrreducibleOSS/binius-gpu, https://g...","Created 9 records in table ""Write from: vc_portfolio_deduplicated"""
"paradigm.xyz",1,"Ithaca","ithaca.xyz","https://github.com/ithacaxyz","ithacaxyz","Ithaca","ithacaxyz",501,0,16,"https://api.github.com/users/ithacaxyz/repos","https://api.github.com/users/ithacaxyz/starred{/owner}{/repo}","https://github.com/ithacaxyz/porto, https://github.com/ithacaxyz/account, https://github.com/itha...","Created 16 records in table ""Write from: vc_portfolio_deduplicated"""
"paradigm.xyz",1,"Jambo","jambo.technology","https://github.com/adilaf01","adilaf01","Adil M Afzaal",,0,1,8,"https://api.github.com/users/adilaf01/repos","https://api.github.com/users/adilaf01/starred{/owner}{/repo}","Response","Created 0 records in table ""Write from: vc_portfolio_deduplicated"""
"paradigm.xyz",1,"Keep Network","keep.network","https://github.com/keep-network","keep-network","Keep","keep_project",68,0,106,"https://api.github.com/users/keep-network/repos","https://api.github.com/users/keep-network/starred{/owner}{/repo}","https://github.com/keep-network/tbtc, https://github.com/keep-network/sortition-pools, https://gi...","Created 11 records in table ""Write from: vc_portfolio_deduplicated"""
"paradigm.xyz",1,"Lightspark","lightspark.com","https://github.com/lightsparkdev","lightsparkdev","Lightspark","lightspark",127,0,14,"https://api.github.com/users/lightsparkdev/repos","https://api.github.com/users/lightsparkdev/starred{/owner}{/repo}","https://github.com/lightsparkdev/.github, https://github.com/lightsparkdev/aiomemcached, https://...","Created 14 records in table ""Write from: vc_portfolio_deduplicated"""
"paradigm.xyz",1,"Limit Break","limitbreak.com","https://github.com/limitbreakinc","limitbreakinc","Limit Break Inc.",,31,0,12,"https://api.github.com/users/limitbreakinc/repos","https://api.github.com/users/limitbreakinc/starred{/owner}{/repo}","https://github.com/limitbreakinc/creator-token-contracts, https://github.com/limitbreakinc/creato...","Created 12 records in table ""Write from: vc_portfolio_deduplicated"""
"paradigm.xyz",1,"Lootrush","lootrush.com","https://github.com/smelthq","smelthq","LootRush","lootrushgames",2,0,1,"https://api.github.com/users/smelthq/repos","https://api.github.com/users/smelthq/starred{/owner}{/repo}","https://github.com/smelthq/async-stripe","Created 1 records in table ""Write from: vc_portfolio_deduplicated"""
"paradigm.xyz",1,"Maker (MKR)","makerdao.com","https://github.com/makerdao","makerdao","MakerDAO has been rebranded to Sky Ecosystem",,6,0,0,"https://api.github.com/users/makerdao/repos","https://api.github.com/users/makerdao/starred{/owner}{/repo}","https://github.com/makerdao/developerguides, https://github.com/makerdao/pymaker, https://github....","Created 7 records in table ""Write from: vc_portfolio_deduplicated"""
"paradigm.xyz",1,"Matrixport","matrixport.com","https://github.com/matrixport-article","matrixport-article","matrixport-article",,1,0,1,"https://api.github.com/users/matrixport-article/repos","https://api.github.com/users/matrixport-article/starred{/owner}{/repo}","https://github.com/matrixport-article/matrixport-article.github.io","Created 1 records in table ""Write from: vc_portfolio_deduplicated"""
"paradigm.xyz",1,"Mesh","mesh.xyz","https://github.com/consensysmesh","consensysmesh","ConsenSys Mesh",,38,0,179,"https://api.github.com/users/ConsenSysMesh/repos","https://api.github.com/users/ConsenSysMesh/starred{/owner}{/repo}","https://github.com/ConsenSysMesh/addresstoip, https://github.com/ConsenSysMesh/addresstourl, http...","Created 14 records in table ""Write from: vc_portfolio_deduplicated"""
"paradigm.xyz",1,"MetaDAO","metadao.org","https://github.com/metaDAOproject","metaDAOproject","MetaDAO","MetaDAOProject",71,0,44,"https://api.github.com/users/metaDAOproject/repos","https://api.github.com/users/metaDAOproject/starred{/owner}{/repo}","https://github.com/metaDAOproject/anchor-test, https://github.com/metaDAOproject/apis, https://gi...","Created 17 records in table ""Write from: vc_portfolio_deduplicated"""
"paradigm.xyz",1,"Moonpay","moonpay.com","https://github.com/moonpay","moonpay","MoonPay","moonpay",96,0,16,"https://api.github.com/users/moonpay/repos","https://api.github.com/users/moonpay/starred{/owner}{/repo}","https://github.com/moonpay/mobile-sdk-ios, https://github.com/moonpay/moonpay-demo-integrations, ...","Created 11 records in table ""Write from: vc_portfolio_deduplicated"""
"paradigm.xyz",1,"Noble","noble.xyz","https://github.com/noble-assets","noble-assets","Noble","noble_xyz",43,0,64,"https://api.github.com/users/noble-assets/repos","https://api.github.com/users/noble-assets/starred{/owner}{/repo}","https://github.com/noble-assets/noble, https://github.com/noble-assets/networks, https://github.c...","Created 15 records in table ""Write from: vc_portfolio_deduplicated"""
"paradigm.xyz",1,"Nous Research","nousresearch.com","https://github.com/nousresearch","nousresearch","Nous Research","nousresearch",939,0,39,"https://api.github.com/users/NousResearch/repos","https://api.github.com/users/NousResearch/starred{/owner}{/repo}","https://github.com/NousResearch/DisTrO, https://github.com/NousResearch/Hermes-Function-Calling, ...","Created 14 records in table ""Write from: vc_portfolio_deduplicated"""
"paradigm.xyz",1,"O(1) Labs","o1labs.org","https://github.com/o1-labs","o1-labs","o1Labs",,251,0,73,"https://api.github.com/users/o1-labs/repos","https://api.github.com/users/o1-labs/starred{/owner}{/repo}","https://github.com/o1-labs/o1js, https://github.com/o1-labs/snarky, https://github.com/o1-labs/pr...","Created 12 records in table ""Write from: vc_portfolio_deduplicated"""
"paradigm.xyz",1,"Optimism","optimism.io","https://github.com/ethereum-optimism","ethereum-optimism","Optimism","optimism",2845,0,132,"https://api.github.com/users/ethereum-optimism/repos","https://api.github.com/users/ethereum-optimism/starred{/owner}{/repo}","https://github.com/ethereum-optimism/.github, https://github.com/ethereum-optimism/12-12-migratio...","Created 26 records in table ""Write from: vc_portfolio_deduplicated"""
"paradigm.xyz",1,"Opyn","opyn.co","https://github.com/opynfinance","opynfinance","Opyn",,64,0,30,"https://api.github.com/users/opynfinance/repos","https://api.github.com/users/opynfinance/starred{/owner}{/repo}","https://github.com/opynfinance/squeeth-monorepo, https://github.com/opynfinance/GammaProtocol, ht...","Created 10 records in table ""Write from: vc_portfolio_deduplicated"""
"paradigm.xyz",1,"Osmosis","osmosis.zone","https://github.com/osmosis-labs","osmosis-labs","osmosis-labs",,389,0,113,"https://api.github.com/users/osmosis-labs/repos","https://api.github.com/users/osmosis-labs/starred{/owner}{/repo}","https://github.com/osmosis-labs/rss-news, https://github.com/osmosis-labs/fund-forwarder-to-cp, h...","Created 30 records in table ""Write from: vc_portfolio_deduplicated"""
"paradigm.xyz",1,"Parallel","parallel.fi","https://github.com/parallel-finance","parallel-finance","parallel-finance","ParallelFi",92,0,91,"https://api.github.com/users/parallel-finance/repos","https://api.github.com/users/parallel-finance/starred{/owner}{/repo}","https://github.com/parallel-finance/Acala, https://github.com/parallel-finance/acala-distribution...","Created 20 records in table ""Write from: vc_portfolio_deduplicated"""
"paradigm.xyz",1,"Privy","privy.io","https://github.com/privy-io","privy-io","Privy","privy_io",290,0,33,"https://api.github.com/users/privy-io/repos","https://api.github.com/users/privy-io/starred{/owner}{/repo}","https://github.com/privy-io/privy-ios, https://github.com/privy-io/expo-starter, https://github.c...","Created 30 records in table ""Write from: vc_portfolio_deduplicated"""
"paradigm.xyz",1,"Rain","rain.fi","https://github.com/rain-foundation","rain-foundation","Rain Foundation","rainfi_",0,0,13,"https://api.github.com/users/rain-foundation/repos","https://api.github.com/users/rain-foundation/starred{/owner}{/repo}","https://github.com/rain-foundation/anchor, https://github.com/rain-foundation/cardinal-token-mana...","Created 12 records in table ""Write from: vc_portfolio_deduplicated"""
"paradigm.xyz",1,"Reflexer Labs","reflexer.finance","https://github.com/reflexer-labs","reflexer-labs","Reflexer",,57,0,144,"https://api.github.com/users/reflexer-labs/repos","https://api.github.com/users/reflexer-labs/starred{/owner}{/repo}","https://github.com/reflexer-labs/aave-aip, https://github.com/reflexer-labs/aave-protocol-v2, htt...","Created 13 records in table ""Write from: vc_portfolio_deduplicated"""
"paradigm.xyz",1,"Royal","royal.io","https://github.com/royaltm","royaltm","royal",,27,14,65,"https://api.github.com/users/royaltm/repos","https://api.github.com/users/royaltm/starred{/owner}{/repo}","https://github.com/royaltm/node-murmurhash-native, https://github.com/royaltm/node-zmq-raft, http...","Created 6 records in table ""Write from: vc_portfolio_deduplicated"""
"paradigm.xyz",1,"Shadow","shadow.xyz","https://github.com/shadow-hq","shadow-hq","Shadow, Inc",,21,0,5,"https://api.github.com/users/shadow-hq/repos","https://api.github.com/users/shadow-hq/starred{/owner}{/repo}","https://github.com/shadow-hq/shadow-reth, https://github.com/shadow-hq/shadow-cli, https://github...","Created 5 records in table ""Write from: vc_portfolio_deduplicated"""
"paradigm.xyz",1,"Sky Mavis","skymavis.com","https://github.com/skymavis","skymavis","Sky Mavis",,17,0,9,"https://api.github.com/users/skymavis/repos","https://api.github.com/users/skymavis/starred{/owner}{/repo}","https://github.com/skymavis/ronin-market-sdk, https://github.com/skymavis/waypoint-js, https://gi...","Created 8 records in table ""Write from: vc_portfolio_deduplicated"""
"paradigm.xyz",1,"Sorella Labs","sorella.labs","https://github.com/sorellalabs","sorellalabs","Sorella Labs","SorellaLabs",256,0,27,"https://api.github.com/users/SorellaLabs/repos","https://api.github.com/users/SorellaLabs/starred{/owner}{/repo}","https://github.com/SorellaLabs/brontes, https://github.com/SorellaLabs/angstrom, https://github.c...","Created 15 records in table ""Write from: vc_portfolio_deduplicated"""
"paradigm.xyz",1,"Spacemesh","spacemesh.io","https://github.com/spacemeshos","spacemeshos","Spacemesh","teamspacemesh",304,0,118,"https://api.github.com/users/spacemeshos/repos","https://api.github.com/users/spacemeshos/starred{/owner}{/repo}","https://github.com/spacemeshos/poet, https://github.com/spacemeshos/go-scale, https://github.com/...","Created 30 records in table ""Write from: vc_portfolio_deduplicated"""
"paradigm.xyz",1,"Starkware","starkware.co","https://github.com/starkware-libs","starkware-libs","StarkWare Libs",,1463,0,55,"https://api.github.com/users/starkware-libs/repos","https://api.github.com/users/starkware-libs/starred{/owner}{/repo}","https://github.com/starkware-libs/cairo, https://github.com/starkware-libs/sequencer, https://git...","Created 30 records in table ""Write from: vc_portfolio_deduplicated"""
"paradigm.xyz",1,"Succinct","succinct.xyz","https://github.com/succinctlabs","succinctlabs","Succinct",,785,0,91,"https://api.github.com/users/succinctlabs/repos","https://api.github.com/users/succinctlabs/starred{/owner}{/repo}","https://github.com/succinctlabs/sp1, https://github.com/succinctlabs/network, https://github.com/...","Created 32 records in table ""Write from: vc_portfolio_deduplicated"""
"paradigm.xyz",1,"Symbiotic","symbiotic.fi","https://github.com/symbioticfi","symbioticfi","Symbiotic","symbioticfi",259,0,19,"https://api.github.com/users/symbioticfi/repos","https://api.github.com/users/symbioticfi/starred{/owner}{/repo}","https://github.com/symbioticfi/core, https://github.com/symbioticfi/middleware-sdk, https://githu...","Created 19 records in table ""Write from: vc_portfolio_deduplicated"""
"paradigm.xyz",1,"Synthetix (SNX)","synthetix.io","https://github.com/synthetixio","synthetixio","Synthetix",,317,0,160,"https://api.github.com/users/Synthetixio/repos","https://api.github.com/users/Synthetixio/starred{/owner}{/repo}","https://github.com/Synthetixio/synthetix, https://github.com/Synthetixio/synthetix-v3, https://gi...","Created 10 records in table ""Write from: vc_portfolio_deduplicated"""
"paradigm.xyz",1,"Utopia Labs","utopia.com","https://github.com/utopia-group","utopia-group","utopia-group",,12,0,31,"https://api.github.com/users/utopia-group/repos","https://api.github.com/users/utopia-group/starred{/owner}{/repo}","https://github.com/utopia-group/regel, https://github.com/utopia-group/TypeT5, https://github.com...","Created 16 records in table ""Write from: vc_portfolio_deduplicated"""
"paradigm.xyz",1,"Vana","vana.org","https://github.com/vana-com","vana-com","Vana","vana",617,0,68,"https://api.github.com/users/vana-com/repos","https://api.github.com/users/vana-com/starred{/owner}{/repo}","https://github.com/vana-com/vana-smart-contracts, https://github.com/vana-com/data-portability-pe...","Created 35 records in table ""Write from: vc_portfolio_deduplicated"""
"paradigm.xyz",1,"Wildcard","wildcard.xyz","https://github.com/WildcardLabs","WildcardLabs","Wildcard Labs",,2,0,8,"https://api.github.com/users/WildcardLabs/repos","https://api.github.com/users/WildcardLabs/starred{/owner}{/repo}","https://github.com/WildcardLabs/ensredirect-v2-react, https://github.com/WildcardLabs/ensredirect...","Created 9 records in table ""Write from: vc_portfolio_deduplicated"""
"paradigm.xyz",1,"Yield","yieldprotocol.com","https://github.com/yieldprotocol","yieldprotocol","Yield Protocol","yield",83,0,85,"https://api.github.com/users/yieldprotocol/repos","https://api.github.com/users/yieldprotocol/starred{/owner}{/repo}","https://github.com/yieldprotocol/addendum-docs, https://github.com/yieldprotocol/app-lever, https...","Created 17 records in table ""Write from: vc_portfolio_deduplicated"""
"polychain.capital",1,"Acala","acala.network","https://github.com/acalanetwork","acalanetwork","Acala Foundation","AcalaNetwork",160,0,134,"https://api.github.com/users/AcalaNetwork/repos","https://api.github.com/users/AcalaNetwork/starred{/owner}{/repo}","https://github.com/AcalaNetwork/Acala, https://github.com/AcalaNetwork/Acala-white-paper, https:/...","Created 12 records in table ""Write from: vc_portfolio_deduplicated"""
"polychain.capital",1,"Agoric","agoric.com","https://github.com/agoric","agoric","Agoric",,181,0,88,"https://api.github.com/users/Agoric/repos","https://api.github.com/users/Agoric/starred{/owner}{/repo}","https://github.com/Agoric/agoric-sdk, https://github.com/Agoric/agoric-3-proposals, https://githu...","Created 30 records in table ""Write from: vc_portfolio_deduplicated"""
"polychain.capital",1,"Alpha5","alpha5.io",,,,,,,,,,,
"polychain.capital",1,"Altonomy","altonomy.com","https://github.com/ssanin82","ssanin82","Sanin Sergiy",,7,0,10,"https://api.github.com/users/ssanin82/repos","https://api.github.com/users/ssanin82/starred{/owner}{/repo}","https://github.com/ssanin82/ml_stock_bot, https://github.com/RasaHQ/rasa_core, https://github.com...","Created 10 records in table ""Write from: vc_portfolio_deduplicated"""
"polychain.capital",1,"Anchorage Digital","anchorage.com","https://github.com/codeforanchorage","codeforanchorage","Code for Anchorage","codeforanc",25,0,84,"https://api.github.com/users/codeforanchorage/repos","https://api.github.com/users/codeforanchorage/starred{/owner}{/repo}","https://github.com/codeforanchorage/anc-trail-counter-data, https://github.com/codeforanchorage/a...","Created 6 records in table ""Write from: vc_portfolio_deduplicated"""
"polychain.capital",1,"Anoma","anoma.net","https://github.com/anoma","anoma","Anoma","anoma",1887,0,119,"https://api.github.com/users/anoma/repos","https://api.github.com/users/anoma/starred{/owner}{/repo}","https://github.com/anoma/anoma, https://github.com/anoma/namada, https://github.com/anoma/juvix, ...","Created 14 records in table ""Write from: vc_portfolio_deduplicated"""
"polychain.capital",1,"Bittensor","bittensor.com","https://github.com/opentensor","opentensor","Opentensor",,837,0,59,"https://api.github.com/users/opentensor/repos","https://api.github.com/users/opentensor/starred{/owner}{/repo}","https://github.com/opentensor/bittensor, https://github.com/opentensor/btcli, https://github.com/...","Created 30 records in table ""Write from: vc_portfolio_deduplicated"""
"polychain.capital",1,"Blink Ledger Systems","blinklabs.io","https://github.com/blinklabs-io","blinklabs-io","Blink Labs","blinklabs_io",78,0,82,"https://api.github.com/users/blinklabs-io/repos","https://api.github.com/users/blinklabs-io/starred{/owner}{/repo}","Response","Created 0 records in table ""Write from: vc_portfolio_deduplicated"""
"polychain.capital",1,"Blueprint Finance","blueprint.finance","https://github.com/tatsath","tatsath","Hariom Tatsat",,248,2,52,"https://api.github.com/users/tatsath/repos","https://api.github.com/users/tatsath/starred{/owner}{/repo}","Response","Created 0 records in table ""Write from: vc_portfolio_deduplicated"""
"polychain.capital",1,"Canza Finance","canzafinance.com","https://github.com/CanzaApps","CanzaApps","CanzaApps",,2,0,17,"https://api.github.com/users/CanzaApps/repos","https://api.github.com/users/CanzaApps/starred{/owner}{/repo}","https://github.com/CanzaApps/Canza-USSD, https://github.com/CanzaApps/baki-contracts, https://git...","Created 15 records in table ""Write from: vc_portfolio_deduplicated"""
"polychain.capital",1,"DogeOS","dogeos.com","https://github.com/Project-DogeOS","Project-DogeOS","Project-DogeOS",,4,0,2,"https://api.github.com/users/Project-DogeOS/repos","https://api.github.com/users/Project-DogeOS/starred{/owner}{/repo}","https://github.com/Project-DogeOS/DogeOS, https://github.com/Project-DogeOS/Project-DogeOS.github.io","Created 2 records in table ""Write from: vc_portfolio_deduplicated"""
"polychain.capital",1,"MyCrypto","mycrypto.com","https://github.com/mycryptohq","mycryptohq","MyCrypto",,280,0,63,"https://api.github.com/users/MyCryptoHQ/repos","https://api.github.com/users/MyCryptoHQ/starred{/owner}{/repo}","https://github.com/MyCryptoHQ/knowledge-base, https://github.com/MyCryptoHQ/assets, https://githu...","Created 30 records in table ""Write from: vc_portfolio_deduplicated"""
"polychain.capital",1,"=nil; Foundation","nil.foundation","https://github.com/nilfoundation","nilfoundation","=nil; Foundation","nil_foundation",319,0,144,"https://api.github.com/users/NilFoundation/repos","https://api.github.com/users/NilFoundation/starred{/owner}{/repo}","https://github.com/NilFoundation/actor-algebra, https://github.com/NilFoundation/actor-cluster, h...","Created 20 records in table ""Write from: vc_portfolio_deduplicated"""
"robvc.com",1,"3Jane Protocol","3jane.protocol","https://github.com/3jane-protocol","3jane-protocol","3jane-protocol",,7,0,1,"https://api.github.com/users/3jane-protocol/repos","https://api.github.com/users/3jane-protocol/starred{/owner}{/repo}","https://github.com/3jane-protocol/whitepaper","Created 1 records in table ""Write from: vc_portfolio_deduplicated"""
"robvc.com",1,"Chronicle Labs","chroniclelabs.xyz","https://github.com/Robbiekruszynski","Robbiekruszynski","0xglitch ","Ro_bbieK",121,88,385,"https://api.github.com/users/robbiekruszynski/repos","https://api.github.com/users/robbiekruszynski/starred{/owner}{/repo}","https://github.com/robbiekruszynski/3d_card_lab, https://github.com/robbiekruszynski/3d_eth, http...","Created 21 records in table ""Write from: vc_portfolio_deduplicated"""
"robvc.com",1,"Embr Labs","embrlabs.com","https://github.com/zoan37","zoan37","zoan","zoan37",30,1,42,"https://api.github.com/users/zoan37/repos","https://api.github.com/users/zoan37/starred{/owner}{/repo}","https://github.com/zoan37/ChatVRM, https://github.com/zoan37/robot-companion, https://github.com/...","Created 6 records in table ""Write from: vc_portfolio_deduplicated"""
"robvc.com",1,"Fragmetric","fragmetric.com","https://github.com/fragmetric-labs","fragmetric-labs","Fragmetric Labs",,11,0,13,"https://api.github.com/users/fragmetric-labs/repos","https://api.github.com/users/fragmetric-labs/starred{/owner}{/repo}","https://github.com/fragmetric-labs/.github, https://github.com/fragmetric-labs/eth-phishing-detec...","Created 13 records in table ""Write from: vc_portfolio_deduplicated"""
"robvc.com",1,"MagicBlock","magicblock.gg","https://github.com/magicblock-labs","magicblock-labs","MagicBlock","magicblock",181,0,52,"https://api.github.com/users/magicblock-labs/repos","https://api.github.com/users/magicblock-labs/starred{/owner}{/repo}","https://github.com/magicblock-labs/.github, https://github.com/magicblock-labs/agave, https://git...","Created 14 records in table ""Write from: vc_portfolio_deduplicated"""
"robvc.com",1,"Mirage Protocol","mirage.protocol","https://github.com/mirage-protocol","mirage-protocol","mirage","mirage_protocol",8,0,15,"https://api.github.com/users/mirage-protocol/repos","https://api.github.com/users/mirage-protocol/starred{/owner}{/repo}","https://github.com/mirage-protocol/aptos-core, https://github.com/mirage-protocol/aptos-indexer-p...","Created 11 records in table ""Write from: vc_portfolio_deduplicated"""
"robvc.com",1,"Optimum","optimum.xyz","https://github.com/internetoftim","internetoftim","Tim Santos","internetoftim",8,5,61,"https://api.github.com/users/internetoftim/repos","https://api.github.com/users/internetoftim/starred{/owner}{/repo}","https://github.com/internetoftim/BigDota2, https://github.com/internetoftim/build-with-ag2, https...","Created 6 records in table ""Write from: vc_portfolio_deduplicated"""
"robvc.com",1,"Resolv Labs","resolv.labs","https://github.com/resolv-im","resolv-im","resolv-im",,11,0,4,"https://api.github.com/users/resolv-im/repos","https://api.github.com/users/resolv-im/starred{/owner}{/repo}","https://github.com/resolv-im/metadata, https://github.com/resolv-im/resolv-contracts-public, http...","Created 4 records in table ""Write from: vc_portfolio_deduplicated"""
"robvc.com",1,"Stoffel MPC","stoffel.mpc","https://github.com/jtstoffel","jtstoffel","Josh Stoffel",,2,14,5,"https://api.github.com/users/jtstoffel/repos","https://api.github.com/users/jtstoffel/starred{/owner}{/repo}","https://github.com/jtstoffel/tube-mpc, https://github.com/jtstoffel/orbittools, https://github.co...","Created 5 records in table ""Write from: vc_portfolio_deduplicated"""
"sequoiacap.com",1,"Brewbird","brewbird.com",,,,,,,,,,,
"sequoiacap.com",1,"Captions","captions.ai",,,,,,,,,,,
"sequoiacap.com",1,"Cellworks","cellworks.life",,,,,,,,,,,
"sequoiacap.com",1,"Census","getcensus.com","https://github.com/sutrolabs","sutrolabs","Sutro Labs","census",16,0,48,"https://api.github.com/users/sutrolabs/repos","https://api.github.com/users/sutrolabs/starred{/owner}{/repo}","https://github.com/sutrolabs/census-docs, https://github.com/sutrolabs/parquet-ruby, https://gith...","Created 30 records in table ""Write from: vc_portfolio_deduplicated"""
"usv.com",1,"Dapper Labs","dapperlabs.com","https://github.com/dapperlabs","dapperlabs","Dapper Labs",,122,0,75,"https://api.github.com/users/dapperlabs/repos","https://api.github.com/users/dapperlabs/starred{/owner}{/repo}","https://github.com/dapperlabs/trophyroomm, https://github.com/dapperlabs/dlw-support-app, https:/...","Created 30 records in table ""Write from: vc_portfolio_deduplicated"""
"usv.com",1,"Dune Analytics","dune.com","https://github.com/duneanalytics","duneanalytics","Dune",,948,0,48,"https://api.github.com/users/duneanalytics/repos","https://api.github.com/users/duneanalytics/starred{/owner}{/repo}","https://github.com/duneanalytics/docs, https://github.com/duneanalytics/docs-zh-cn, https://githu...","Created 6 records in table ""Write from: vc_portfolio_deduplicated"""
"usv.com",1,"Web3Auth","web3auth.io","https://github.com/web3auth","web3auth","Web3Auth",,422,0,73,"https://api.github.com/users/Web3Auth/repos","https://api.github.com/users/Web3Auth/starred{/owner}{/repo}","https://github.com/Web3Auth/web3auth-web, https://github.com/Web3Auth/metamask-extension, https:/...","Created 30 records in table ""Write from: vc_portfolio_deduplicated"""
"variant.fund",1,"Alluvial","alluvial.finance","https://github.com/AlluvialFinance","AlluvialFinance","Alluvial","alluvialfinance",7,0,9,"https://api.github.com/users/AlluvialFinance/repos","https://api.github.com/users/AlluvialFinance/starred{/owner}{/repo}","https://github.com/AlluvialFinance/DefiLlama-Adapters, https://github.com/AlluvialFinance/go-util...","Created 9 records in table ""Write from: vc_portfolio_deduplicated"""
"variant.fund",1,"Blackbird","blackbird.io","https://github.com/bb-io","bb-io","Blackbird",,29,0,146,"https://api.github.com/users/bb-io/repos","https://api.github.com/users/bb-io/starred{/owner}{/repo}","https://github.com/bb-io/PhraseStrings, https://github.com/bb-io/docs, https://github.com/bb-io/G...","Created 30 records in table ""Write from: vc_portfolio_deduplicated"""
"variant.fund",1,"Delta","delta.xyz","https://github.com/deltadevsde","deltadevsde","delta devs","deltadevelopers",20,0,35,"https://api.github.com/users/deltadevsde/repos","https://api.github.com/users/deltadevsde/starred{/owner}{/repo}","Response","Created 0 records in table ""Write from: vc_portfolio_deduplicated"""
"variant.fund",1,"DIMO","dimo.zone","https://github.com/DIMO-Foundation","DIMO-Foundation","DIMO-Foundation",,13,0,0,"https://api.github.com/users/DIMO-Foundation/repos","https://api.github.com/users/DIMO-Foundation/starred{/owner}{/repo}","https://github.com/DIMO-Network/contract-event-processor, https://github.com/DIMO-Network/model-g...","Created 30 records in table ""Write from: vc_portfolio_deduplicated"""
"variant.fund",1,"Hyperlane","hyperlane.xyz","https://github.com/hyperlane-xyz","hyperlane-xyz","hyperlane-xyz","hyperlane",678,0,52,"https://api.github.com/users/hyperlane-xyz/repos","https://api.github.com/users/hyperlane-xyz/starred{/owner}{/repo}","https://github.com/hyperlane-xyz/Awesome-Hyperlane, https://github.com/hyperlane-xyz/community-is...","Created 14 records in table ""Write from: vc_portfolio_deduplicated"""
"variant.fund",1,"Plastic Labs","plasticlabs.ai","https://github.com/plastic-labs","plastic-labs","Plastic Labs","plastic_labs",140,0,23,"https://api.github.com/users/plastic-labs/repos","https://api.github.com/users/plastic-labs/starred{/owner}{/repo}","https://github.com/plastic-labs/honcho, https://github.com/plastic-labs/honcho-node-core, https:/...","Created 23 records in table ""Write from: vc_portfolio_deduplicated"""
"variant.fund",1,"Reservoir","reservoir.tools","https://github.com/reservoirprotocol","reservoirprotocol","Reservoir","reservoir0x",226,0,45,"https://api.github.com/users/reservoirprotocol/repos","https://api.github.com/users/reservoirprotocol/starred{/owner}{/repo}","https://github.com/reservoirprotocol/.github, https://github.com/reservoirprotocol/assets, https:...","Created 19 records in table ""Write from: vc_portfolio_deduplicated"""
"variant.fund",1,"TrueX","truex.com","https://github.com/socialvibe","socialvibe","true[X]",,8,0,89,"https://api.github.com/users/socialvibe/repos","https://api.github.com/users/socialvibe/starred{/owner}{/repo}","https://github.com/socialvibe/dotenv, https://github.com/socialvibe/truex-ads-docs, https://githu...","Created 11 records in table ""Write from: vc_portfolio_deduplicated"""
"variant.fund",1,"Turnkey","turnkey.com","https://github.com/tkhq","tkhq","Turnkey",,137,0,42,"https://api.github.com/users/tkhq/repos","https://api.github.com/users/tkhq/starred{/owner}{/repo}","https://github.com/tkhq/docs, https://github.com/tkhq/sdk, https://github.com/tkhq/qos, https://g...","Created 30 records in table ""Write from: vc_portfolio_deduplicated"""
"variant.fund",1,"World","world.org","https://github.com/worldcoin","worldcoin","Worldcoin","worldcoin",5668,0,117,"https://api.github.com/users/worldcoin/repos","https://api.github.com/users/worldcoin/starred{/owner}{/repo}","https://github.com/worldcoin/awesome-zkml, https://github.com/worldcoin/idkit-js, https://github....","Created 35 records in table ""Write from: vc_portfolio_deduplicated"""